{
      "parameters": {
            "k": 0,
            "twind": 21,
            "nseq": 72,
            "npred": 24,
            "nval": 48,
            "ntest": 1,
            "n_repeats": 10
      },
      "elapsed_total": 1302.655014514923,
      "config_grid": [
            "['sigmoid', 24]",
            "['sigmoid', 48]",
            "['sigmoid', 72]"
      ],
      "m_mse_grid": [
            0.011218914669007063,
            0.01143152266740799,
            0.012999311834573746
      ],
      "s_mse_grid": [
            0.00014682615318939996,
            0.00020169132012313177,
            0.0010549400796713707
      ],
      "m_mse_test": [
            0.012377662491053343,
            0.012492891028523445,
            0.014333098474889994
      ],
      "s_mse_test_grid": [
            0.00027951822022470417,
            0.0003747114147627421,
            0.0016690942798837946
      ],
      "m_predicted_lists": [
            [
                  0.018256627023220062,
                  0.018304888159036636,
                  0.018207309767603874,
                  0.018076425418257713,
                  0.018022913485765457,
                  0.018574096262454987,
                  0.018121473491191864,
                  0.01814844086766243,
                  0.01808924786746502,
                  0.018132690340280533,
                  0.018529826775193214,
                  0.01791498064994812,
                  0.01841658726334572,
                  0.018179146572947502,
                  0.01794562302529812,
                  0.018436776474118233,
                  0.01846972480416298,
                  0.018954340368509293,
                  0.018454570323228836,
                  0.01846901886165142,
                  0.018295086920261383,
                  0.018328890204429626,
                  0.018420295789837837,
                  0.018138784915208817
            ],
            [
                  0.017227105796337128,
                  0.017844747751951218,
                  0.018358197063207626,
                  0.01794303208589554,
                  0.017280161380767822,
                  0.017943304032087326,
                  0.018538957461714745,
                  0.018130386248230934,
                  0.018805285915732384,
                  0.01998002640902996,
                  0.01756552793085575,
                  0.018549470230937004,
                  0.01834900677204132,
                  0.017866548150777817,
                  0.0188312791287899,
                  0.01865127868950367,
                  0.019225146621465683,
                  0.017622530460357666,
                  0.017621470615267754,
                  0.01902538537979126,
                  0.020263977348804474,
                  0.01768502965569496,
                  0.02011963352560997,
                  0.019338347017765045
            ],
            [
                  0.023418687283992767,
                  0.021463658660650253,
                  0.020659402012825012,
                  0.02182910218834877,
                  0.018432501703500748,
                  0.020465437322854996,
                  0.018840787932276726,
                  0.020024923607707024,
                  0.02659199759364128,
                  0.019991284236311913,
                  0.02115551009774208,
                  0.018768755719065666,
                  0.018822617828845978,
                  0.020537957549095154,
                  0.019827619194984436,
                  0.022876929491758347,
                  0.021192798390984535,
                  0.02248534746468067,
                  0.019307920709252357,
                  0.021030839532613754,
                  0.020357120782136917,
                  0.022582830861210823,
                  0.019746558740735054,
                  0.022675661370158195
            ]
      ],
      "s_predicted_lists": [
            [
                  0.0008492913329973817,
                  0.0006097248406149447,
                  0.00093397794989869,
                  0.00042519401176832616,
                  0.0005280933692120016,
                  0.0006992678390815854,
                  0.0005213370895944536,
                  0.0008729915134608746,
                  0.0006555560976266861,
                  0.0013939531054347754,
                  0.0009492209064774215,
                  0.0007490382995456457,
                  0.0007868524990044534,
                  0.0007552789757028222,
                  0.0008953037322498858,
                  0.0008898500236682594,
                  0.0006557381711900234,
                  0.0008805496618151665,
                  0.0005750702694058418,
                  0.000585665984544903,
                  0.0005685834330506623,
                  0.000599107937887311,
                  0.0005463495035655797,
                  0.0006794705986976624
            ],
            [
                  0.0019082349026575685,
                  0.00184506771620363,
                  0.0019467755919322371,
                  0.0020117913372814655,
                  0.0014947914751246572,
                  0.0018430795753374696,
                  0.002551077399402857,
                  0.003903663484379649,
                  0.003925150725990534,
                  0.003743268083781004,
                  0.001677806256338954,
                  0.0022071916610002518,
                  0.0016001351177692413,
                  0.0017496409127488732,
                  0.003119321074336767,
                  0.0018117665313184261,
                  0.0024716572370380163,
                  0.0018080169102177024,
                  0.0015798569656908512,
                  0.0020824100356549025,
                  0.0028902010526508093,
                  0.001012880471535027,
                  0.003433134639635682,
                  0.003596588270738721
            ],
            [
                  0.006687045097351074,
                  0.00552953639999032,
                  0.0064862570725381374,
                  0.003991397097706795,
                  0.0036161490716040134,
                  0.005106322001665831,
                  0.004734960850328207,
                  0.0027932755183428526,
                  0.009945666417479515,
                  0.005712622310966253,
                  0.005545496474951506,
                  0.0030326058622449636,
                  0.0038888799026608467,
                  0.004400528967380524,
                  0.0022324644960463047,
                  0.009547214023768902,
                  0.0051946863532066345,
                  0.006178527604788542,
                  0.002577336970716715,
                  0.0038366862572729588,
                  0.003521720878779888,
                  0.005844165571033955,
                  0.004661914426833391,
                  0.006332097575068474
            ]
      ]
}