{
      "parameters": {
            "k": 0,
            "twind": 21,
            "nseq": 72,
            "npred": 24,
            "nval": 48,
            "ntest": 1,
            "n_repeats": 10
      },
      "elapsed_total": 87.44454431533813,
      "config_grid": [
            "['sigmoid', 24]",
            "['sigmoid', 48]",
            "['sigmoid', 72]"
      ],
      "m_mse_grid": [
            0.012793241254985332,
            0.012933514267206191,
            0.013134209904819727
      ],
      "s_mse_grid": [
            0.0002968018991341488,
            0.0004372861969484989,
            0.00033292144999495343
      ],
      "m_mse_test": [
            0.013345259428024291,
            0.01293118456378579,
            0.013988426979631185
      ],
      "s_mse_test_grid": [
            0.0015887148078660418,
            0.0012755589762557522,
            0.001327111595313568
      ],
      "m_predicted_lists": [
            [
                  0.015915144234895706,
                  0.019235078245401382,
                  0.019055744633078575,
                  0.023867953568696976,
                  0.014471098780632019,
                  0.014703651890158653,
                  0.017631370574235916,
                  0.0192081518471241,
                  0.01297915168106556,
                  0.01860763691365719,
                  0.01741975173354149,
                  0.020852912217378616,
                  0.019719216972589493,
                  0.018563130870461464,
                  0.01862197183072567,
                  0.01595994085073471,
                  0.021541770547628403,
                  0.017845794558525085,
                  0.017383629456162453,
                  0.012767446227371693,
                  0.016277480870485306,
                  0.014798182062804699,
                  0.017438743263483047,
                  0.014657017774879932
            ],
            [
                  0.016526242718100548,
                  0.016904842108488083,
                  0.020001646131277084,
                  0.013501450419425964,
                  0.01930369809269905,
                  0.017631176859140396,
                  0.017220528796315193,
                  0.02059021219611168,
                  0.022363658994436264,
                  0.01954386569559574,
                  0.02042190358042717,
                  0.018025044351816177,
                  0.021838625892996788,
                  0.017615554854273796,
                  0.018192684277892113,
                  0.018971845507621765,
                  0.018667617812752724,
                  0.018736515194177628,
                  0.020009752362966537,
                  0.014949897304177284,
                  0.018811829388141632,
                  0.017860984429717064,
                  0.020538993179798126,
                  0.01862451061606407
            ],
            [
                  0.021431822329759598,
                  0.020460471510887146,
                  0.021785231307148933,
                  0.016150513663887978,
                  0.017408277839422226,
                  0.01847735419869423,
                  0.01746346242725849,
                  0.012399254366755486,
                  0.015584150329232216,
                  0.02043687365949154,
                  0.021517574787139893,
                  0.01837163232266903,
                  0.019257163628935814,
                  0.020890261977910995,
                  0.018871203064918518,
                  0.018725546076893806,
                  0.022477606311440468,
                  0.017660001292824745,
                  0.01999453827738762,
                  0.016104552894830704,
                  0.018466822803020477,
                  0.013630187138915062,
                  0.01583619974553585,
                  0.012985345907509327
            ]
      ],
      "s_predicted_lists": [
            [
                  0.0060870228335261345,
                  0.005696349777281284,
                  0.0087300268933177,
                  0.006956423632800579,
                  0.007822484709322453,
                  0.005664648953825235,
                  0.0068400148302316666,
                  0.008019736967980862,
                  0.01017638947814703,
                  0.0050669098272919655,
                  0.005949980579316616,
                  0.005437878891825676,
                  0.007776518817991018,
                  0.008002912625670433,
                  0.007065324578434229,
                  0.008681651204824448,
                  0.009062197990715504,
                  0.006759218405932188,
                  0.007399808149784803,
                  0.006510074716061354,
                  0.005270324647426605,
                  0.005985746625810862,
                  0.011314376257359982,
                  0.003964883740991354
            ],
            [
                  0.006944316439330578,
                  0.007045460399240255,
                  0.003181466832756996,
                  0.0048623778857290745,
                  0.006427343003451824,
                  0.008581736125051975,
                  0.008965324610471725,
                  0.004395574331283569,
                  0.005502721760421991,
                  0.005629491992294788,
                  0.00568597624078393,
                  0.006784380413591862,
                  0.00404150178655982,
                  0.008202867582440376,
                  0.004921452142298222,
                  0.0044852253049612045,
                  0.0069593037478625774,
                  0.0024874689988791943,
                  0.004852378275245428,
                  0.005464107263833284,
                  0.00479228375479579,
                  0.004664030857384205,
                  0.0075706010684370995,
                  0.006051073782145977
            ],
            [
                  0.006970063783228397,
                  0.006441829260438681,
                  0.0076386583968997,
                  0.008017112500965595,
                  0.006950018461793661,
                  0.0058485111221671104,
                  0.005951420869678259,
                  0.00799903366714716,
                  0.008619251661002636,
                  0.005250537768006325,
                  0.008175283670425415,
                  0.007561115548014641,
                  0.005389999132603407,
                  0.006855714600533247,
                  0.004611286800354719,
                  0.0065161800011992455,
                  0.005467175971716642,
                  0.007060469128191471,
                  0.008608376607298851,
                  0.00940010417252779,
                  0.004992671310901642,
                  0.004603785462677479,
                  0.010060730390250683,
                  0.009985670447349548
            ]
      ]
}