{
      "parameters": {
            "k": 0,
            "twind": 21,
            "nseq": 72,
            "npred": 24,
            "nval": 48,
            "ntest": 1,
            "n_repeats": 10
      },
      "elapsed_total": 1275.8857831954956,
      "config_grid": [
            "['sigmoid', 24]",
            "['sigmoid', 48]",
            "['sigmoid', 72]"
      ],
      "m_mse_grid": [
            0.011217360943555832,
            0.011426819022744894,
            0.013030080869793893
      ],
      "s_mse_grid": [
            0.00016243290704535753,
            0.0001942788539727356,
            0.0010608298874220184
      ],
      "m_mse_test": [
            0.01240223553031683,
            0.012485458143055439,
            0.014370951615273953
      ],
      "s_mse_test_grid": [
            0.00030548915163188846,
            0.0003861280838968033,
            0.0016684482922413907
      ],
      "m_predicted_lists": [
            [
                  0.018380099907517433,
                  0.018535180017352104,
                  0.018073391169309616,
                  0.018236253410577774,
                  0.018084172159433365,
                  0.01855234056711197,
                  0.018112653866410255,
                  0.017952369526028633,
                  0.017979532480239868,
                  0.018206391483545303,
                  0.0186910443007946,
                  0.0179806686937809,
                  0.018345165997743607,
                  0.018159199506044388,
                  0.01801985315978527,
                  0.01814964786171913,
                  0.01868542656302452,
                  0.018889304250478745,
                  0.01820707507431507,
                  0.018378620967268944,
                  0.018293555825948715,
                  0.018597755581140518,
                  0.018154334276914597,
                  0.01804572157561779
            ],
            [
                  0.017178300768136978,
                  0.017806993797421455,
                  0.018346745520830154,
                  0.01790652610361576,
                  0.017240149900317192,
                  0.01793576404452324,
                  0.018529672175645828,
                  0.018097611144185066,
                  0.018839124590158463,
                  0.019981518387794495,
                  0.017531855031847954,
                  0.0185350701212883,
                  0.01834455505013466,
                  0.017904795706272125,
                  0.01878052018582821,
                  0.018667351454496384,
                  0.019219577312469482,
                  0.017567778006196022,
                  0.01761697605252266,
                  0.019003327935934067,
                  0.020278718322515488,
                  0.01771937496960163,
                  0.020102864131331444,
                  0.019379284232854843
            ],
            [
                  0.02339058741927147,
                  0.02148335613310337,
                  0.02077670395374298,
                  0.02182319387793541,
                  0.018520377576351166,
                  0.02049623616039753,
                  0.018906043842434883,
                  0.020108191296458244,
                  0.02676011621952057,
                  0.020073965191841125,
                  0.0211332980543375,
                  0.018796980381011963,
                  0.018902774900197983,
                  0.02058328688144684,
                  0.01989871636033058,
                  0.022865820676088333,
                  0.021319298073649406,
                  0.022600794211030006,
                  0.019245967268943787,
                  0.02119525335729122,
                  0.02034880220890045,
                  0.02263592556118965,
                  0.01977260783314705,
                  0.0227554552257061
            ]
      ],
      "s_predicted_lists": [
            [
                  0.0009087622165679932,
                  0.0008519797120243311,
                  0.0010633921483531594,
                  0.0011289604008197784,
                  0.0006870677461847663,
                  0.0007064776145853102,
                  0.0005452118930406868,
                  0.0009984263451769948,
                  0.0007610562024638057,
                  0.0011651080567389727,
                  0.0010292846709489822,
                  0.0007929398561827838,
                  0.0005095000378787518,
                  0.0009687001584097743,
                  0.0007705789757892489,
                  0.0008535936940461397,
                  0.0010811948450282216,
                  0.000746120058465749,
                  0.0007443432114087045,
                  0.0005749973934143782,
                  0.0007327546481974423,
                  0.000846236536744982,
                  0.0007381575996987522,
                  0.000999677344225347
            ],
            [
                  0.0019475184381008148,
                  0.0018001754069700837,
                  0.0019405793864279985,
                  0.001982686808332801,
                  0.0014453481417149305,
                  0.0018405797891318798,
                  0.0025548390112817287,
                  0.0038973635528236628,
                  0.0039127292111516,
                  0.0037286896258592606,
                  0.0016734286909922957,
                  0.0022016812581568956,
                  0.0016237592790275812,
                  0.0017414074391126633,
                  0.003071368904784322,
                  0.001770311500877142,
                  0.002513275248929858,
                  0.001823180471546948,
                  0.0015425364254042506,
                  0.002073185285553336,
                  0.0029111544135957956,
                  0.0009889677166938782,
                  0.0033984342589974403,
                  0.0035631589125841856
            ],
            [
                  0.006599774584174156,
                  0.005511368624866009,
                  0.0065714637748897076,
                  0.004009190481156111,
                  0.0035988464951515198,
                  0.0051305266097188,
                  0.004722189623862505,
                  0.0027817573864012957,
                  0.010141595266759396,
                  0.005694454535841942,
                  0.0055476026609539986,
                  0.0030550763476639986,
                  0.0039036336820572615,
                  0.004413496237248182,
                  0.002198604866862297,
                  0.009570266120135784,
                  0.00521475775167346,
                  0.006205259822309017,
                  0.0025013568811118603,
                  0.004007737617939711,
                  0.003540119854733348,
                  0.005806151777505875,
                  0.004647694993764162,
                  0.006412355694919825
            ]
      ]
}