{
      "parameters": {
            "k": 0,
            "twind": 21,
            "nseq": 72,
            "npred": 24,
            "nval": 48,
            "ntest": 1,
            "n_repeats": 10
      },
      "elapsed_total": 1375.911286830902,
      "config_grid": [
            "['sigmoid', 24]",
            "['sigmoid', 48]",
            "['sigmoid', 72]"
      ],
      "m_mse_grid": [
            0.01121821291744709,
            0.011415795516222715,
            0.013013481907546521
      ],
      "s_mse_grid": [
            0.00015185493055721685,
            0.00021883438278424527,
            0.0010566489593995274
      ],
      "m_mse_test": [
            0.012394801154732705,
            0.012464936543256044,
            0.014345964696258307
      ],
      "s_mse_test_grid": [
            0.0002564506410920815,
            0.0003930092294278341,
            0.0016686788701416246
      ],
      "m_predicted_lists": [
            [
                  0.018311502411961555,
                  0.01847452111542225,
                  0.018206289038062096,
                  0.01819504052400589,
                  0.017950082197785378,
                  0.01868564821779728,
                  0.018135111778974533,
                  0.018099607899785042,
                  0.01806868053972721,
                  0.018155384808778763,
                  0.01866578683257103,
                  0.017915887758135796,
                  0.01825251802802086,
                  0.01818677969276905,
                  0.01783975586295128,
                  0.01826425828039646,
                  0.01853756047785282,
                  0.019055576995015144,
                  0.018421880900859833,
                  0.018204664811491966,
                  0.018281234428286552,
                  0.018472623080015182,
                  0.018418647348880768,
                  0.01803150400519371
            ],
            [
                  0.017158519476652145,
                  0.01779278554022312,
                  0.01832250878214836,
                  0.017911970615386963,
                  0.017195796594023705,
                  0.01790393330156803,
                  0.01848653145134449,
                  0.01809670217335224,
                  0.01878778636455536,
                  0.019922979176044464,
                  0.0175311379134655,
                  0.018537241965532303,
                  0.018327567726373672,
                  0.017856521531939507,
                  0.018762852996587753,
                  0.018627319484949112,
                  0.01913292706012726,
                  0.017555948346853256,
                  0.01757199689745903,
                  0.0190165676176548,
                  0.020238777622580528,
                  0.017671596258878708,
                  0.020077122375369072,
                  0.01937226392328739
            ],
            [
                  0.023383809253573418,
                  0.02145022340118885,
                  0.02074584737420082,
                  0.021781103685498238,
                  0.018501747399568558,
                  0.020457249134778976,
                  0.018864909186959267,
                  0.020072435960173607,
                  0.02671169675886631,
                  0.02006295695900917,
                  0.021106097847223282,
                  0.018716713413596153,
                  0.018886130303144455,
                  0.020563026890158653,
                  0.01990579441189766,
                  0.022819168865680695,
                  0.021289989352226257,
                  0.02255978435277939,
                  0.019182303920388222,
                  0.02111327089369297,
                  0.020331500098109245,
                  0.022616107016801834,
                  0.019737740978598595,
                  0.022756876423954964
            ]
      ],
      "s_predicted_lists": [
            [
                  0.0007067788974381983,
                  0.0007926781545393169,
                  0.00104514101985842,
                  0.0007189381867647171,
                  0.0005636652931571007,
                  0.0008113388321362436,
                  0.0005796001059934497,
                  0.0008783343946561217,
                  0.0007033917354419827,
                  0.001454015844501555,
                  0.001054188353009522,
                  0.0007795797428116202,
                  0.0005455175996758044,
                  0.0006493327673524618,
                  0.0010849162936210632,
                  0.0007890399429015815,
                  0.0006727463915012777,
                  0.0011815744219347835,
                  0.0005617646384052932,
                  0.0006972453556954861,
                  0.0007248030160553753,
                  0.000647981942165643,
                  0.0007142313406802714,
                  0.0009735072962939739
            ],
            [
                  0.0019283147994428873,
                  0.0018869542982429266,
                  0.0019438215531408787,
                  0.002014380879700184,
                  0.0014874632470309734,
                  0.0018414186779409647,
                  0.0025905619841068983,
                  0.003863130696117878,
                  0.003932121675461531,
                  0.0037380403373390436,
                  0.0017235055565834045,
                  0.002224306110292673,
                  0.0015733961481601,
                  0.0018089408986270428,
                  0.003111699828878045,
                  0.0018286455888301134,
                  0.0024749143049120903,
                  0.001796579104848206,
                  0.0015846542082726955,
                  0.002076830016449094,
                  0.0029266229830682278,
                  0.001030343002639711,
                  0.0034372699446976185,
                  0.003598845563828945
            ],
            [
                  0.006607995368540287,
                  0.005579633638262749,
                  0.006477857939898968,
                  0.004053764045238495,
                  0.003630721475929022,
                  0.005160920321941376,
                  0.004744304344058037,
                  0.0027709398418664932,
                  0.010167908854782581,
                  0.00567601015791297,
                  0.005492005962878466,
                  0.0030565697234123945,
                  0.003907212056219578,
                  0.00439518503844738,
                  0.002196663059294224,
                  0.00955977849662304,
                  0.005197607446461916,
                  0.006210703868418932,
                  0.00253587425686419,
                  0.004001895897090435,
                  0.0034982000943273306,
                  0.005853052716702223,
                  0.004630967043340206,
                  0.006393248215317726
            ]
      ]
}