{
      "parameters": {
            "k": 0,
            "twind": 21,
            "nseq": 72,
            "npred": 24,
            "nval": 48,
            "ntest": 1,
            "n_repeats": 10
      },
      "elapsed_total": 1447.392002105713,
      "config_grid": [
            "['sigmoid', 24]",
            "['sigmoid', 48]",
            "['sigmoid', 72]"
      ],
      "m_mse_grid": [
            0.011220191884785891,
            0.011426261719316244,
            0.013022632990032434
      ],
      "s_mse_grid": [
            0.00016279279912014593,
            0.00020693980279068392,
            0.0010555370157400413
      ],
      "m_mse_test": [
            0.012377288658171892,
            0.012486584112048149,
            0.014363992493599653
      ],
      "s_mse_test_grid": [
            0.00029851390037412045,
            0.00038331642728092844,
            0.0016681304747640984
      ],
      "m_predicted_lists": [
            [
                  0.018098879605531693,
                  0.01827961578965187,
                  0.01816674694418907,
                  0.01807517185807228,
                  0.018067117780447006,
                  0.018538611009716988,
                  0.018032256513834,
                  0.018115432932972908,
                  0.01807144097983837,
                  0.01835561916232109,
                  0.018491238355636597,
                  0.017926495522260666,
                  0.01830575056374073,
                  0.0183744914829731,
                  0.018111592158675194,
                  0.018443208187818527,
                  0.01848049834370613,
                  0.018930722028017044,
                  0.01844700053334236,
                  0.018341587856411934,
                  0.018299290910363197,
                  0.0184258371591568,
                  0.018365666270256042,
                  0.01806453987956047
            ],
            [
                  0.01722373440861702,
                  0.017806872725486755,
                  0.018355421721935272,
                  0.017939919605851173,
                  0.01723727025091648,
                  0.01794823445379734,
                  0.018513735383749008,
                  0.018117517232894897,
                  0.01880314014852047,
                  0.01992141269147396,
                  0.017538616433739662,
                  0.018534040078520775,
                  0.018320050090551376,
                  0.017854249104857445,
                  0.01880035363137722,
                  0.018657255917787552,
                  0.019229665398597717,
                  0.01755361631512642,
                  0.017618069425225258,
                  0.019008789211511612,
                  0.020245011895895004,
                  0.01772935688495636,
                  0.02011166699230671,
                  0.019399775192141533
            ],
            [
                  0.023396983742713928,
                  0.021443752571940422,
                  0.020706351846456528,
                  0.021822817623615265,
                  0.0185281652957201,
                  0.020508727058768272,
                  0.01890365406870842,
                  0.020092124119400978,
                  0.026709318161010742,
                  0.02005549892783165,
                  0.02111222967505455,
                  0.01879449561238289,
                  0.018897898495197296,
                  0.020558573305606842,
                  0.01989765092730522,
                  0.02289609983563423,
                  0.02123706415295601,
                  0.022558629512786865,
                  0.01926596648991108,
                  0.02114119753241539,
                  0.020361891016364098,
                  0.022660668939352036,
                  0.01975409686565399,
                  0.022781627252697945
            ]
      ],
      "s_predicted_lists": [
            [
                  0.0006602841312997043,
                  0.0006693567847833037,
                  0.0008752709254622459,
                  0.000567625102121383,
                  0.0007060650386847556,
                  0.0006247290293686092,
                  0.0005711312987841666,
                  0.0010041521163657308,
                  0.0006272142636589706,
                  0.0017067774897441268,
                  0.0011515611549839377,
                  0.0005800399230793118,
                  0.000777898938395083,
                  0.0011660725576803088,
                  0.0007008914253674448,
                  0.0009167473763227463,
                  0.0007596513023599982,
                  0.0006760531687177718,
                  0.0005428315489552915,
                  0.0005424511036835611,
                  0.0005753449513576925,
                  0.0006414706585928798,
                  0.0005252127884887159,
                  0.0005964584997855127
            ],
            [
                  0.0019340872531756759,
                  0.0018746438436210155,
                  0.0019285529851913452,
                  0.0020338736940175295,
                  0.001519238343462348,
                  0.0018646150128915906,
                  0.0025868266820907593,
                  0.003875845344737172,
                  0.0038653898518532515,
                  0.0037082608323544264,
                  0.001665363204665482,
                  0.0022247761953622103,
                  0.0015661485958844423,
                  0.0017712328117340803,
                  0.0031212465837597847,
                  0.0018109618686139584,
                  0.002483864314854145,
                  0.001828388893045485,
                  0.0015895543619990349,
                  0.002086989115923643,
                  0.0028897072188556194,
                  0.0010234308429062366,
                  0.0034321341663599014,
                  0.003572616260498762
            ],
            [
                  0.006598937325179577,
                  0.0054971701465547085,
                  0.00654896954074502,
                  0.0040478515438735485,
                  0.0035770111717283726,
                  0.005162987858057022,
                  0.004777308087795973,
                  0.002749082865193486,
                  0.01014760322868824,
                  0.005685056559741497,
                  0.005536211188882589,
                  0.0030231864657253027,
                  0.0038784018252044916,
                  0.004394209012389183,
                  0.0022240837570279837,
                  0.009593275375664234,
                  0.005204263608902693,
                  0.006199552211910486,
                  0.0025753281079232693,
                  0.003969576675444841,
                  0.0035014315508306026,
                  0.005816671997308731,
                  0.004665040411055088,
                  0.00634293258190155
            ]
      ]
}